0,0,210,10,5,1000,50
1,0,210,10,10,4800,400
2,0,210,57.95,15,6800,50
3,0,210,71.14,50,5200,200
4,0,210,84.79,5,5300,50
5,0,210,70.4,5,800,200
6,0,210,47.57,35,9600,300
7,0,210,86.16,30,6550,50
8,0,210,47.44,40,8000,500
9,0,210,33.62,5,3600,400
10,0,210,66.94,40,4000,500
11,0,210,32.23,50,7600,400
12,0,210,68.64,5,9100,350
13,0,210,34.54,25,4800,400
14,0,210,31.4,15,1800,200
15,0,210,53.79,45,1000,500
16,0,210,91.42,30,3300,300
17,0,210,98.8,25,1050,150
18,0,210,95.3,5,3900,300
19,0,210,34.94,50,4800,300
20,0,210,94.69,5,8000,400
21,0,210,84.5,10,6900,50
22,0,210,88.14,35,7600,400
23,0,210,99.95,45,3150,150
24,0,210,41.59,30,8700,300
25,0,210,47.09,45,4200,150
26,0,210,58.36,25,1800,150
27,0,210,23.83,30,450,450
28,0,210,58.1,25,7500,500
29,0,210,59.91,45,8750,350
30,0,210,24.38,15,1600,400
31,0,210,18.19,15,4150,50
32,0,210,12.42,40,2500,500
33,0,210,26.28,20,6750,450
34,0,210,23.53,35,4000,200
35,0,210,54.98,10,8700,300
36,0,210,63.11,50,1500,300
37,0,210,98.5,25,5700,100
38,0,210,32.69,25,9750,250
39,0,210,21.34,10,6400,200
40,0,210,21.4,35,8050,350
41,0,210,32.31,25,2200,200
42,0,210,12.55,50,1500,250
43,0,210,95.27,25,8900,100
44,0,210,18.3,10,3700,50
45,0,210,32.78,10,4800,400
46,0,210,41.46,25,9450,450
47,0,210,68.65,15,9100,350
48,0,210,32.51,45,5250,250
49,0,210,64.04,45,4800,400
50,0,210,95.62,35,8250,250
51,0,210,72.01,40,10000,500
52,0,210,86.61,15,5400,300
53,0,210,19.31,25,9000,300
54,0,210,49.6,40,7200,450
55,0,210,82.06,40,400,400
56,0,210,89.74,30,750,250
57,0,210,74.21,25,7000,350
58,0,210,27.96,50,9000,450
59,0,210,58.96,10,10000,250
60,0,210,29.4,25,5200,200
61,0,210,89.34,25,8250,250
62,0,210,42.86,15,2000,500
63,0,210,66.74,35,50,50
64,0,210,79.6,40,4200,200
65,0,210,71.42,35,8400,150
66,0,210,73.8,45,850,50
67,0,210,78.76,35,2250,150
68,0,210,17.3,20,9500,500
69,0,210,45.09,15,3150,350
70,0,210,79.92,40,3000,250
71,0,210,27.46,5,9900,100
72,0,210,31.96,45,4000,100
73,0,210,64.09,10,1800,450
74,0,210,98.91,15,1050,150
75,0,210,29.75,35,8050,350
76,0,210,72.66,40,6650,350
77,0,210,15.08,30,3300,150
78,0,210,72.99,10,5600,400
79,0,210,59.85,30,7200,200
80,0,210,22.87,10,8750,250
81,0,210,83.19,30,3200,400
82,0,210,22.18,30,6000,200
83,0,210,56.63,25,3750,150
84,0,210,45.37,25,4000,250
85,0,210,35.14,5,2600,200
86,0,210,70.46,35,7500,300
87,0,210,74.87,50,9500,250
88,0,210,38.94,25,6900,300
89,0,210,46.16,35,2000,500
90,0,210,70.31,20,5400,300
91,0,210,84.63,5,6450,150
92,0,210,59.15,50,9750,150
93,0,210,32.21,45,4900,350
94,0,210,83.54,5,7100,100
95,0,210,73.7,25,7800,300
96,0,210,99.24,35,7650,150
97,0,210,25.41,5,1000,250
98,0,210,24.68,50,7600,400
99,0,210,49.28,5,5400,300
100,0,210,16.02,30,2200,200
101,0,210,44.72,35,7350,350
102,0,210,58.48,15,4050,450
103,0,210,71.75,20,1050,50
104,0,210,56.89,40,600,150
105,0,210,16.36,10,3200,400
106,0,210,14.55,25,5250,250
107,0,210,50.18,10,8400,150
108,0,210,72.61,30,3500,350
109,0,210,15.17,50,300,300
110,0,210,87.06,5,5000,200
111,0,210,61.86,40,5600,350
112,0,210,13.2,10,2000,500
113,0,210,41.62,35,1400,350
114,0,210,59.76,50,8400,200
115,0,210,97.68,15,4350,150
116,0,210,83.17,45,7650,150
117,0,210,72.54,25,6750,150
118,0,210,20.49,15,5500,100
119,0,210,10.55,10,4500,300
120,0,210,17.43,35,8400,200
121,0,210,21.13,50,850,50
122,0,210,54.48,40,3000,500
123,0,210,42.37,40,7500,250
124,0,210,70.47,35,400,400
125,0,210,30.75,15,6600,300
126,0,210,65.49,20,2400,150
127,0,210,68.77,10,1600,400
128,0,210,14.29,35,9500,100
129,0,210,53.58,35,500,500
130,0,210,63.42,40,750,250
131,0,210,49.75,30,800,400
132,0,210,49.85,50,3500,250
133,0,210,50.13,40,1800,150
134,0,210,43.53,50,3000,500
135,0,210,16.33,10,1800,300
136,0,210,56.59,10,4050,450
137,0,210,48.15,20,6000,400
138,0,210,88.47,40,7200,450
139,0,210,45.02,50,3850,350
140,0,210,58.56,25,2500,250
141,0,210,17.48,25,3000,250
142,0,210,19.45,15,5400,450
143,0,210,70.19,45,7200,150
144,0,210,33.73,20,4600,50
145,0,210,30.96,40,250,250
146,0,210,33.95,35,2000,250
147,0,210,96.71,10,9600,400
148,0,210,25.4,35,3500,50
149,0,210,36.32,30,8550,450
150,0,210,75.38,20,6750,450
151,0,210,14.08,5,7700,100
152,0,210,15.56,30,2500,500
153,0,210,28.41,5,7350,350
154,0,210,54.52,15,4000,400
155,0,210,28.06,15,4750,250
156,0,210,87.51,50,500,250
157,0,210,57.14,5,6000,400
158,0,210,84.06,20,5400,150
159,0,210,48.76,25,10000,500
160,0,210,86.55,45,1600,200
161,0,210,99.78,35,9500,250
162,0,210,72.17,45,6000,300
163,0,210,24.33,50,1800,450
164,0,210,13.7,20,1000,100
165,0,210,56.69,5,8700,300
166,0,210,56.52,35,7200,400
167,0,210,12.05,10,3500,350
168,0,210,15.97,10,2500,500
169,0,210,44.21,30,300,100
170,0,210,72.2,40,800,400
171,0,210,63.08,50,4500,500
172,0,210,55.54,45,6500,500
173,0,210,75.15,30,1750,250
174,0,210,97.85,30,5400,150
175,0,210,72.87,35,5500,50
176,0,210,64.97,35,5750,250
177,0,210,63,25,5100,100
178,0,210,75.82,5,5250,50
179,0,210,38.86,5,1200,150
180,0,210,44.47,30,6300,300
181,0,210,94.17,40,5100,300
182,0,210,68.51,35,5000,250
183,0,210,53.18,40,3000,300
184,0,210,64.5,15,5600,400
185,0,210,94.44,15,6000,250
186,0,210,80.47,50,8400,350
187,0,210,57.47,15,9000,100
188,0,210,32.63,35,9400,50
189,0,210,34.78,45,9600,150
190,0,210,55.61,10,7250,250
191,0,210,49.28,10,1200,400
192,0,210,49.71,20,7650,150
193,0,210,40.47,20,5750,50
194,0,210,53.68,15,9800,100
195,0,210,87.81,25,8200,200
196,0,210,24.6,10,1500,50
197,0,210,52.13,20,4500,450
198,0,210,47.1,35,800,200
199,0,210,83.3,45,9500,500
200,0,210,79.3,10,600,300
201,0,210,82.29,30,3150,450
202,0,210,88.25,30,8200,200
203,0,210,57.31,50,6000,250
204,0,210,77.42,45,2000,200
205,0,210,76.88,40,900,450
206,0,210,73.91,45,1000,200
207,0,210,24.49,25,6750,50
208,0,210,60.64,45,8100,450
209,0,210,67.17,45,4950,450
210,0,210,20.18,20,7000,200
211,0,210,20.96,5,4800,100
212,0,210,73.77,15,9800,200
213,0,210,66.59,35,4000,500
214,0,210,87.33,40,750,250
215,0,210,54.88,25,5000,250
216,0,210,76.67,50,1600,200
217,0,210,19.9,5,4500,500
218,0,210,31.46,50,2250,450
219,0,210,21.65,10,5800,200
220,0,210,49.62,30,3750,250
221,0,210,44.41,35,1500,250
222,0,210,70.32,50,4200,350
223,0,210,86.44,45,4000,400
224,0,210,10.86,25,6650,350
225,0,210,68.04,40,3600,200
226,0,210,45.06,20,1750,350
227,0,210,36.24,35,3150,450
228,0,210,22.97,35,9250,50
229,0,210,44.38,30,2800,200
230,0,210,36.19,45,6400,100
231,0,210,14.38,25,1600,200
232,0,210,78.03,35,7950,50
233,0,210,60.48,15,3250,250
234,0,210,56.31,40,2700,450
235,0,210,51.85,20,750,50
236,0,210,28.22,30,4500,450
237,0,210,85.56,15,3600,100
238,0,210,94.07,30,4800,200
239,0,210,66.5,50,750,250
240,0,210,50.04,30,8800,400
241,0,210,21.79,10,8400,350
242,0,210,62.32,35,500,500
243,0,210,92.93,10,5500,500
244,0,210,35.09,40,8400,300
245,0,210,85.12,35,6800,400
246,0,210,41.46,30,3500,350
247,0,210,88.23,25,3000,500
248,0,210,95.66,10,8500,250
249,0,210,96.63,20,5400,300
250,0,210,83.63,50,2450,350
251,0,210,94.73,30,2500,100
252,0,210,89.81,10,8400,100
253,0,210,64.22,35,6750,450
254,0,210,45.24,45,1400,350
255,0,210,10,35,4550,350
256,0,210,61.69,5,8600,200
257,0,210,43.38,35,600,300
258,0,210,77,15,2000,250
259,0,210,18.26,45,6000,500
260,0,210,12.97,35,5750,250
261,0,210,90.62,25,2100,350
262,0,210,53.35,15,2500,500
263,0,210,95.79,25,9700,100
264,0,210,87.14,15,7850,50
265,0,210,14.54,50,5950,350
266,0,210,22.34,10,5400,450
267,0,210,69.03,30,1200,300
268,0,210,91.28,35,3900,150
269,0,210,45.23,45,1350,150
270,0,210,75.55,35,8550,150
271,0,210,12.03,10,3700,100
272,0,210,80.17,40,5950,350
273,0,210,41.61,10,1800,150
274,0,210,30.13,35,9000,250
275,0,210,62.14,20,7000,250
276,0,210,85.09,40,3150,450
277,0,210,33.82,10,900,300
278,0,210,99.89,40,1700,100
279,0,210,48.26,40,4350,150
280,0,210,12.98,50,2700,100
281,0,210,53.38,40,2250,150
282,0,210,35.42,20,9300,150
283,0,210,78.77,35,3600,300
284,0,210,91.71,10,8000,100
285,0,210,72.83,5,1200,400
286,0,210,90.55,35,4000,200
287,0,210,29.35,20,9150,50
288,0,210,80.69,20,8400,400
289,0,210,89,10,9600,200
290,0,210,42.6,20,5750,50
291,0,210,79.88,45,8250,250
292,0,210,67.85,25,3600,200
293,0,210,35.34,50,7700,350
294,0,210,24.18,40,6150,150
295,0,210,86.91,20,1400,350
296,0,210,43.63,10,1350,150
297,0,210,28.25,40,4600,50
298,0,210,96.69,15,6900,100
299,0,210,17.32,45,1300,100
300,0,210,82.82,50,650,50
301,0,210,84.67,10,2700,450
302,0,210,45.93,30,700,350
303,0,210,98.77,45,500,250
304,0,210,19.72,50,6750,450
305,0,210,85.09,15,6000,400
306,0,210,30.03,15,4500,50
307,0,210,46.88,50,5150,50
308,0,210,43.89,45,6400,400
309,0,210,39.86,35,6650,350
310,0,210,33.32,5,2500,500
311,0,210,67.81,30,1400,200
312,0,210,50.42,10,5700,300
313,0,210,53.52,45,3650,50
314,0,210,19.07,15,9450,450
315,0,210,84.51,50,8100,450
316,0,210,85.58,25,7000,350
317,0,210,83.42,25,4100,100
318,0,210,93.76,25,5200,200
319,0,210,30.5,45,1500,500
320,0,210,51.26,35,4200,150
321,0,210,76.59,5,2000,200
322,0,210,83.19,15,4400,400
323,0,210,80.66,40,6600,300
324,0,210,81.87,5,3500,350
325,0,210,52.47,25,3300,300
326,0,210,87.21,10,4000,200
327,0,210,86.18,5,7750,250
328,0,210,36.32,50,10000,500
329,0,210,76.75,20,2000,400
330,0,210,64.07,30,2100,150
331,0,210,61.81,30,6400,400
332,0,210,99.07,40,1500,300
333,0,210,19.63,30,5850,150
334,0,210,40.09,35,8450,50
335,0,210,88.86,20,7500,100
336,0,210,69.57,25,5700,300
337,0,210,54.47,35,6500,500
338,0,210,33.07,5,3500,350
339,0,210,12.18,10,4550,350
340,0,210,61.16,40,3800,200
341,0,210,43.86,5,4200,300
342,0,210,19.97,20,5950,350
343,0,210,88.47,30,1000,500
344,0,210,52.78,10,5500,500
345,0,210,72.88,10,750,250
346,0,210,50.06,50,8750,250
347,0,210,99.75,30,8500,100
348,0,210,27.12,35,9800,350
349,0,210,51.19,10,2900,100
350,0,210,97.57,30,900,450
351,0,210,93.31,50,3000,250
352,0,210,51.42,25,2250,450
353,0,210,44.63,40,6750,450
354,0,210,74.94,35,1800,200
355,0,210,71.92,50,100,100
356,0,210,25.87,10,6700,100
357,0,210,70.7,30,4800,200
358,0,210,38.87,5,4500,450
359,0,210,23.3,35,9000,500
360,0,210,69.48,15,200,100
361,0,210,24.89,10,5800,200
362,0,210,96.75,15,350,50
363,0,210,89.76,45,5500,500
364,0,210,25.53,25,9450,450
365,0,210,62.48,30,7750,250
366,0,210,39.91,10,3900,300
367,0,210,84.53,50,3050,50
368,0,210,50.91,45,2700,450
369,0,210,76.05,45,7250,250
370,0,210,46.53,30,1200,300
371,0,210,46.33,40,3150,150
372,0,210,26.65,40,6650,350
373,0,210,39.46,10,4600,100
374,0,210,57.99,10,4500,500
375,0,210,12.81,10,9900,300
376,0,210,22.62,20,3600,200
377,0,210,24.66,20,6600,200
378,0,210,64.21,5,800,200
379,0,210,58.96,25,2550,150
380,0,210,49.54,35,200,200
381,0,210,97.54,10,9600,200
382,0,210,41.43,10,1500,500
383,0,210,13.77,50,2400,400
384,0,210,19.13,15,2500,250
385,0,210,35.43,30,8550,450
386,0,210,70.34,30,9200,400
387,0,210,86.8,40,10050,150
388,0,210,33.52,20,7500,150
389,0,210,99.27,40,6500,250
390,0,210,51.74,10,8700,100
391,0,210,55.3,50,3150,450
392,0,210,66.62,50,8400,300
393,0,210,14.93,10,8000,500
394,0,210,88.29,5,3900,300
395,0,210,97.27,10,6000,150
396,0,210,90.69,30,7800,50
397,0,210,79.4,40,8850,50
398,0,210,16.45,50,5100,150
399,0,210,71.86,40,7000,500
400,0,210,92.06,10,3150,450
401,0,210,53.37,50,4000,400
402,0,210,25.16,50,5550,150
403,0,210,43.55,15,2700,450
404,0,210,69.3,20,4800,300
405,0,210,64.62,35,8200,50
406,0,210,43.96,30,7500,500
407,0,210,81.4,40,4250,250
408,0,210,31.98,40,6750,150
409,0,210,46.63,15,3200,200
410,0,210,71.96,50,9200,400
411,0,210,11.95,50,4100,50
412,0,210,24.72,40,6050,50
413,0,210,92.93,10,900,300
414,0,210,60.09,20,4000,250
415,0,210,46.78,30,7000,500
416,0,210,63.07,5,3900,150
417,0,210,77.12,30,2700,300
418,0,210,20.54,10,8200,200
419,0,210,33.92,10,6500,250
420,0,210,57.67,5,4000,250
421,0,210,18.9,25,2200,100
422,0,210,49.45,20,9000,500
423,0,210,41.49,25,9900,450
424,0,210,37.11,30,1500,300
425,0,210,55.59,25,1200,400
426,0,210,29.54,10,3800,200
427,0,210,33.79,10,2700,450
428,0,210,90.4,40,3000,500
429,0,210,35.57,30,5200,400
430,0,210,53.78,20,4500,450
431,0,210,11.84,50,6000,500
432,0,210,99.81,25,8100,300
433,0,210,46.74,5,1500,300
434,0,210,61.72,50,2100,350
435,0,210,60.75,45,3150,150
436,0,210,98.02,50,3600,300
437,0,210,56.94,5,7200,450
438,0,210,63.53,15,1650,150
439,0,210,35.27,10,8800,400
440,0,210,81.03,5,2500,100
441,0,210,78.53,30,8800,200
442,0,210,39.94,30,10000,400
443,0,210,95.89,45,7200,400
444,0,210,85.78,35,4000,400
445,0,210,62.67,25,4950,450
446,0,210,72.17,45,3000,300
447,0,210,62.83,25,4500,450
448,0,210,33.39,25,6600,50
449,0,210,18.27,30,7000,350
450,0,210,77.07,35,3000,500
451,0,210,80.45,5,600,50
452,0,210,93.41,15,2800,400
453,0,210,35.79,40,4800,150
454,0,210,91.9,50,2700,450
455,0,210,77.72,35,4750,250
456,0,210,28.79,30,8550,450
457,0,210,96.28,50,1500,500
458,0,210,33.66,20,8000,400
459,0,210,79.81,25,6500,250
460,0,210,68.24,40,3150,450
461,0,210,80.22,10,7900,100
462,0,210,99.27,5,8500,250
463,0,210,67.02,50,9500,250
464,0,210,81.87,20,8400,150
465,0,210,13.74,15,8650,50
466,0,210,13.91,50,9000,450
467,0,210,56.08,40,4500,500
468,0,210,29.04,25,3700,100
469,0,210,18.72,15,8400,200
470,0,210,90.93,50,4500,450
471,0,210,83.57,40,4250,250
472,0,210,63.34,35,10150,350
473,0,210,76.52,5,1400,350
474,0,210,90.65,35,2400,200
475,0,210,50.63,35,1500,150
476,0,210,73.35,30,1050,350
477,0,210,89.17,15,7350,150
478,0,210,80.71,50,7600,400
479,0,210,27.57,15,8400,50
480,0,210,78.47,15,2750,250
481,0,210,70.92,45,6250,50
482,0,210,67.03,25,7300,100
483,0,210,11.58,25,1200,300
484,0,210,67.63,25,2450,50
485,0,210,39.69,35,5600,200
486,0,210,79.2,5,800,400
487,0,210,26.61,25,3600,450
488,0,210,43.15,45,2800,400
489,0,210,83.38,40,9000,450
490,0,210,47.15,10,5400,300
491,0,210,41.59,40,2500,500
492,0,210,22.68,15,8550,450
493,0,210,46.09,45,700,350
494,0,210,77.96,25,4000,500
495,0,210,75.69,10,3150,450
496,0,210,70.98,10,9150,150
497,0,210,12,30,8500,500
498,0,210,61.13,15,5850,50
499,0,210,67.75,10,3100,50
500,0,210,61.69,20,450,150
501,0,210,78.13,5,7800,150
502,0,210,43.68,20,9800,200
503,0,210,66.01,35,1600,200
504,0,210,56.44,30,7000,350
505,0,210,82.69,25,2000,400
506,0,210,39.51,5,8250,250
507,0,210,93.98,30,6000,300
508,0,210,98.9,40,5200,100
509,0,210,50,25,6000,300
510,0,210,23.36,40,3600,300
511,0,210,62.9,5,8000,500
512,0,210,55.72,25,1750,250
513,0,210,72.4,5,1750,350
514,0,210,32.57,50,8400,400
515,0,210,35.98,20,8400,350
516,0,210,48.19,25,750,250
517,0,210,44.48,35,2100,300
518,0,210,76.4,35,3900,300
519,0,210,55.21,10,8250,250
520,0,210,12.62,30,7400,100
521,0,210,66.88,30,7200,300
522,0,210,56.09,40,7500,500
523,0,210,95.18,20,2100,350
524,0,210,53.99,20,7350,350
525,0,210,86.45,25,1800,450
526,0,210,50.48,15,5300,50
527,0,210,88.46,20,6750,250
528,0,210,26.89,30,8400,200
529,0,210,48.08,5,1800,450
530,0,210,93.16,45,450,450
531,0,210,97.74,15,1200,400
532,0,210,84.61,40,8000,50
533,0,210,64.48,5,6300,300
534,0,210,12.61,20,3300,300
535,0,210,68.65,45,7600,400
536,0,210,71.79,10,3200,400
537,0,210,10.29,10,9000,300
538,0,210,29.06,35,8850,150
539,0,210,17.98,20,8100,300
540,0,210,45.08,35,800,400
541,0,210,98.28,30,3500,500
542,0,210,87.74,15,1750,250
543,0,210,88.37,40,750,50
544,0,210,81.11,10,2400,50
545,0,210,71.44,10,3500,350
546,0,210,34.61,20,9850,50
547,0,210,30.55,35,9300,150
548,0,210,15.56,40,6600,150
549,0,210,44.62,10,2800,400
550,0,210,58.02,5,4950,150
551,0,210,94.14,50,9000,300
552,0,210,41.11,45,1950,50
553,0,210,38.08,15,8400,300
554,0,210,29.84,30,1900,100
555,0,210,68.02,45,3000,250
556,0,210,22.52,20,7000,100
557,0,210,17.41,5,2600,200
558,0,210,36.71,30,3600,200
559,0,210,88,15,3500,500
560,0,210,77.24,35,9600,400
561,0,210,56.45,40,3150,450
562,0,210,62.02,20,600,100
563,0,210,72.13,10,5250,250
564,0,210,39.05,30,6500,500
565,0,210,10.63,50,6600,300
566,0,210,66.46,10,1800,150
567,0,210,49.92,50,4000,100
568,0,210,88.52,10,8400,400
569,0,210,88.19,45,5800,200
570,0,210,64.28,5,1350,450
571,0,210,47.55,40,6600,200
572,0,210,55.34,30,1800,450
573,0,210,50.77,15,4750,250
574,0,210,95.89,50,1750,250
575,0,210,71.65,30,6000,500
576,0,210,46.04,40,3500,500
577,0,210,44.23,50,1350,450
578,0,210,21.95,10,8000,400
579,0,210,80.21,20,1400,200
580,0,210,31.9,5,1250,50
581,0,210,73.35,40,5800,50
582,0,210,93.8,30,10200,300
583,0,210,61.88,5,3900,150
584,0,210,33.11,15,9900,450
585,0,210,34.72,10,6450,50
586,0,210,62.09,35,3600,300
587,0,210,92.76,45,1750,50
588,0,210,86.67,25,1000,500
589,0,210,63.79,10,1250,250
590,0,210,45.7,10,4550,350
591,0,210,70.62,15,5750,250
592,0,210,80.24,10,1650,150
593,0,210,67.03,35,1000,250
594,0,210,12.79,20,9200,400
595,0,210,47.18,50,2550,150
596,0,210,46.64,45,5900,100
597,0,210,63.35,45,5250,350
598,0,210,84.09,35,3900,300
599,0,210,77.93,10,5600,100
600,0,210,61.51,40,2800,350
601,0,210,79.31,10,600,200
602,0,210,21.09,5,8000,100
603,0,210,41.11,15,2250,450
604,0,210,21.7,30,3000,150
605,0,210,35.61,10,1500,300
606,0,210,98.22,45,7000,500
607,0,210,37.77,15,1750,350
608,0,210,27.88,35,900,100
609,0,210,13.37,10,2400,100
610,0,210,86.25,45,3750,150
611,0,210,53.08,15,7000,350
612,0,210,13.92,40,150,150
613,0,210,89.46,15,2000,400
614,0,210,15.68,45,700,350
615,0,210,61.32,50,9000,500
616,0,210,42.37,20,1800,300
617,0,210,96.88,10,10000,400
618,0,210,24.49,35,9450,350
619,0,210,16.54,40,4500,100
620,0,210,54.68,10,3500,250
621,0,210,44.4,20,7350,350
622,0,210,94.2,40,8700,50
623,0,210,55.5,25,6600,200
624,0,210,58.42,35,4800,200
625,0,210,94.52,40,2800,400
626,0,210,79.98,5,5950,350
627,0,210,91.77,20,1450,50
628,0,210,52.63,40,7550,50
629,0,210,66.09,5,7000,350
630,0,210,54.41,50,6000,400
631,0,210,79.53,5,4800,200
632,0,210,96.56,25,2200,100
633,0,210,43.01,45,2100,300
634,0,210,62.16,45,4700,50
635,0,210,79.42,20,3500,250
636,0,210,36.71,50,5200,200
637,0,210,65.39,10,9450,150
638,0,210,98.56,30,5000,500
639,0,210,10.21,15,9500,500
640,0,210,12.25,5,9050,50
641,0,210,23.9,30,3500,500
642,0,210,36.24,20,9650,50
643,0,210,50.08,35,6000,250
644,0,210,95.36,30,3900,300
645,0,210,71.89,30,500,250
646,0,210,82.34,10,6000,500
647,0,210,71.65,35,8200,100
648,0,210,15.44,35,1800,300
649,0,210,43.7,40,7000,350
650,0,210,20.37,40,9600,300
651,0,210,29.26,5,3900,300
652,0,210,97.13,10,2700,450
653,0,210,91.35,30,4850,50
654,0,210,99.26,35,8200,100
655,0,210,53.95,5,800,100
656,0,210,47.55,5,9800,100
657,0,210,48.27,30,3500,500
658,0,210,12.91,45,2450,350
659,0,210,46.36,15,2250,250
660,0,210,44.18,35,6000,500
661,0,210,31.69,25,2450,350
662,0,210,34.27,50,3550,50
663,0,210,53.16,10,2450,350
664,0,210,34.94,10,6900,300
665,0,210,74.61,40,2800,400
666,0,210,45.92,50,2000,100
667,0,210,20.65,10,900,450
668,0,210,34.91,35,3600,300
669,0,210,95.84,20,1500,250
670,0,210,34.26,30,8700,300
671,0,210,37.38,50,8650,50
672,0,210,30.22,50,9600,150
673,0,210,31.64,50,3700,100
674,0,210,56.32,5,3500,250
675,0,210,35.28,30,9450,450
676,0,210,94.23,45,9200,100
677,0,210,56.42,45,1400,100
678,0,210,67.34,10,6400,400
679,0,210,88.33,45,6150,150
680,0,210,12.19,30,4000,500
681,0,210,93.99,30,3000,500
682,0,210,75.67,30,2000,250
683,0,210,25.43,40,5700,300
684,0,210,40.09,5,7750,250
685,0,210,97.49,25,8100,450
686,0,210,22.36,5,8600,200
687,0,210,42.64,40,3500,350
688,0,210,41.15,15,8200,100
689,0,210,41.17,10,2000,500
690,0,210,57.04,15,2100,300
691,0,210,26.49,5,9900,300
692,0,210,55.22,30,3800,200
693,0,210,39.42,15,4550,350
694,0,210,99.53,25,9450,450
695,0,210,84.13,25,2750,50
696,0,210,73.67,10,9000,500
697,0,210,65.03,50,9450,450
698,0,210,95.43,5,1800,200
699,0,210,34.56,15,5550,150
700,0,210,30.82,5,400,100
701,0,210,19.81,35,1600,100
702,0,210,24.25,35,3900,300
703,0,210,63.54,25,7350,350
704,0,210,37.53,10,1350,450
705,0,210,66.75,50,1400,350
706,0,210,66.59,10,9000,500
707,0,210,12.69,35,700,350
708,0,210,64.07,15,1800,450
709,0,210,36.92,5,4900,100
710,0,210,83.16,35,1500,250
711,0,210,57.62,50,2500,250
712,0,210,52.36,15,2250,450
713,0,210,36.06,35,2400,150
714,0,210,38.55,5,200,200
715,0,210,88.76,45,7000,100
716,0,210,54.58,15,9600,300
717,0,210,19.69,15,2100,300
718,0,210,20.23,50,6300,450
719,0,210,10.62,45,300,150
720,0,210,86.83,45,6650,350
721,0,210,10.35,45,1050,150
722,0,210,32.38,45,5250,250
723,0,210,63.54,25,400,400
724,0,210,33.44,10,5850,450
725,0,210,84.32,50,7200,300
726,0,210,65.74,35,2750,50
727,0,210,26.34,25,2500,500
728,0,210,22.39,25,1100,100
729,0,210,40.7,25,4900,350
730,0,210,37.97,35,7600,200
731,0,210,52.69,25,5950,350
732,0,210,16.28,25,6250,250
733,0,210,65.43,25,2500,500
734,0,210,23.65,30,10000,250
735,0,210,99.18,25,6750,450
736,0,210,58.2,10,8000,200
737,0,210,94.45,10,1500,50
738,0,210,37.2,40,5000,200
739,0,210,98.93,40,500,250
740,0,210,69.36,35,1100,100
741,0,210,32.36,40,4500,300
742,0,210,57.5,10,5950,350
743,0,210,22.9,45,6500,500
744,0,210,73.67,10,4900,50
745,0,210,44.19,40,4500,450
746,0,210,32.68,50,1800,150
747,0,210,78.95,50,5850,450
748,0,210,59.4,25,5350,50
749,0,210,80.42,30,2000,500
750,0,210,13.36,40,4200,300
751,0,210,15.27,5,600,50
752,0,210,19.9,50,2600,200
753,0,210,11.72,20,8250,250
754,0,210,94.64,20,3600,300
755,0,210,90.69,35,3900,300
756,0,210,30.33,10,500,500
757,0,210,29.94,35,5700,150
758,0,210,26.49,25,6400,100
759,0,210,80.22,35,2500,50
760,0,210,58.54,45,6500,250
761,0,210,96.83,40,3500,500
762,0,210,61.34,50,6000,500
763,0,210,67.67,5,5750,250
764,0,210,77.41,15,5000,200
765,0,210,49.8,20,500,500
766,0,210,38.64,40,4500,500
767,0,210,18.47,5,4950,450
768,0,210,52.62,25,6800,200
769,0,210,11.79,30,4200,200
770,0,210,80.43,25,3000,300
771,0,210,59.98,45,3400,200
772,0,210,23.7,45,1500,500
773,0,210,34.66,5,9000,300
774,0,210,65.78,5,9450,450
775,0,210,98.1,40,8550,150
776,0,210,25.5,50,3500,350
777,0,210,79.52,15,5700,300
778,0,210,38.26,5,2100,300
779,0,210,45.9,50,5000,100
780,0,210,18.96,20,7800,300
781,0,210,43.58,35,4500,100
782,0,210,93.24,30,7500,500
783,0,210,69.98,35,7850,50
784,0,210,33.29,45,8000,100
785,0,210,20.82,25,5200,400
786,0,210,10.67,30,350,350
787,0,210,35.25,25,9400,100
788,0,210,93.5,40,5000,250
789,0,210,16.54,5,9800,350
790,0,210,13.46,40,5250,250
791,0,210,46.18,5,3750,150
792,0,210,32.25,20,1800,450
793,0,210,53.41,5,9600,50
794,0,210,33.44,20,6200,100
795,0,210,98.91,10,4800,300
796,0,210,25.3,20,7650,50
797,0,210,41.01,5,7000,250
798,0,210,96.67,15,2100,350
799,0,210,91.38,45,2700,450
800,0,210,10.92,30,2750,250
801,0,210,56.13,25,900,450
802,0,210,43.43,50,6600,300
803,0,210,13.04,50,3550,50
804,0,210,58.74,45,9750,250
805,0,210,51.06,45,8700,50
806,0,210,86.24,5,3600,100
807,0,210,10.73,35,7700,350
808,0,210,67.56,15,5100,300
809,0,210,13.78,10,5200,400
810,0,210,91.27,15,9900,450
811,0,210,19.99,30,7200,100
812,0,210,50.54,40,7650,450
813,0,210,73.57,25,8550,450
814,0,210,85.86,30,6000,250
815,0,210,49.75,40,2800,400
816,0,210,96.35,40,4550,350
817,0,210,47.22,45,1150,50
818,0,210,90.12,35,3000,250
819,0,210,87.96,15,6800,400
820,0,210,47.93,5,4900,350
821,0,210,39.24,10,4200,300
822,0,210,48.28,25,3600,400
823,0,210,86.95,5,4050,50
824,0,210,60.13,35,4500,450
825,0,210,42.5,25,1200,400
826,0,210,53.59,25,5750,250
827,0,210,11.19,5,4000,200
828,0,210,31.72,35,2000,500
829,0,210,49.03,5,5950,350
830,0,210,88.03,45,8400,400
831,0,210,14.71,40,1450,50
832,0,210,46.59,15,3150,50
833,0,210,79.7,35,9750,150
834,0,210,59.9,45,7800,300
835,0,210,67.17,15,4200,150
836,0,210,54.95,10,4400,400
837,0,210,93.35,40,7800,100
838,0,210,84.51,5,8500,500
839,0,210,25.93,30,800,100
840,0,210,58.55,15,5800,100
841,0,210,98.05,35,9200,50
842,0,210,23,40,5400,450
843,0,210,47.25,50,7800,100
844,0,210,81.89,50,5600,100
845,0,210,33.65,50,4400,400
846,0,210,18.4,25,7500,250
847,0,210,68.33,40,6300,350
848,0,210,36.6,30,7000,500
849,0,210,31.32,40,6000,50
850,0,210,43.3,45,2100,100
851,0,210,69.84,50,3150,350
852,0,210,74.77,20,4800,400
853,0,210,21.69,10,8250,150
854,0,210,86.92,15,8800,400
855,0,210,71.53,40,2400,400
856,0,210,80.07,30,9600,400
857,0,210,98.44,50,8500,500
858,0,210,72.72,45,9250,250
859,0,210,12.91,35,8500,250
860,0,210,34.09,30,8100,300
861,0,210,10.14,30,6300,150
862,0,210,82.85,5,4500,450
863,0,210,58.84,35,3600,300
864,0,210,95.38,30,6400,200
865,0,210,93.22,50,4500,250
866,0,210,57.64,5,7200,100
867,0,210,34.52,10,8000,400
868,0,210,86.21,25,2450,350
869,0,210,40.63,25,8100,300
870,0,210,92.72,10,10200,300
871,0,210,17.86,20,3500,350
872,0,210,49.44,15,8250,250
873,0,210,67.63,25,2850,50
874,0,210,30.39,20,5200,200
875,0,210,26.86,20,8400,150
876,0,210,81.68,30,4000,250
877,0,210,98.7,5,1200,100
878,0,210,26.39,15,5850,450
879,0,210,77.55,45,9150,150
880,0,210,24.71,15,8400,400
881,0,210,82.97,45,4400,100
882,0,210,93.63,40,2400,400
883,0,210,40.34,30,8700,300
884,0,210,27.53,35,4500,300
885,0,210,99.43,10,5950,350
886,0,210,82.12,25,4800,150
887,0,210,49.92,25,3600,400
888,0,210,24.02,50,1400,350
889,0,210,80.05,10,9600,200
890,0,210,58.85,20,9300,100
891,0,210,44.16,40,5600,100
892,0,210,98.73,45,2000,500
893,0,210,25.34,45,2400,200
894,0,210,82.76,50,5500,50
895,0,210,33.45,15,8000,500
896,0,210,34.64,15,2200,50
897,0,210,44.73,50,400,400
898,0,210,30.54,30,6000,200
899,0,210,71.45,25,5750,250
900,0,210,28.94,40,4550,350
901,0,210,92,30,3000,150
902,0,210,78.93,5,5600,400
903,0,210,25.14,45,5600,400
904,0,210,81.6,15,9000,450
905,0,210,37.09,45,6250,250
906,0,210,89.98,45,5400,450
907,0,210,91.75,15,8000,400
908,0,210,78.72,10,4000,500
909,0,210,33.36,35,10000,400
910,0,210,84.96,35,1500,300
911,0,210,55.24,20,2200,200
912,0,210,40.47,50,1500,500
913,0,210,49.86,45,8700,300
914,0,210,95,50,3300,150
915,0,210,99.68,5,1800,50
916,0,210,93.02,5,6750,450
917,0,210,75.15,35,9950,50
918,0,210,50.09,20,8650,50
919,0,210,18.18,5,4950,450
920,0,210,36.9,50,5000,50
921,0,210,39.61,35,4400,400
922,0,210,25.98,50,1050,350
923,0,210,97.29,10,7800,300
924,0,210,27.66,30,2500,500
925,0,210,84.34,5,5050,50
926,0,210,61.44,5,4500,300
927,0,210,49.94,10,6150,50
928,0,210,63.55,30,6800,200
929,0,210,43.57,30,7100,50
930,0,210,56.69,45,9450,450
931,0,210,55.63,20,9200,100
932,0,210,15.05,30,10050,150
933,0,210,28.66,40,3000,500
934,0,210,64.25,45,2250,150
935,0,210,79.14,50,9500,50
936,0,210,92.43,10,6750,250
937,0,210,32.44,25,7650,450
938,0,210,55.66,15,4800,150
939,0,210,70.65,45,9500,500
940,0,210,47.77,30,6000,250
941,0,210,70.35,10,7000,350
942,0,210,37.29,40,8800,400
943,0,210,38.48,40,2850,150
944,0,210,69.14,20,350,350
945,0,210,21.27,25,3500,350
946,0,210,36.67,20,5800,100
947,0,210,80.57,45,4200,350
948,0,210,76.91,15,6750,250
949,0,210,55.69,5,4950,450
950,0,210,37.9,45,3600,300
951,0,210,30.57,25,6000,500
952,0,210,66.18,45,700,100
953,0,210,73.45,10,8000,250
954,0,210,82.12,10,6200,200
955,0,210,89.45,5,600,300
956,0,210,56.95,45,7200,400
957,0,210,56.27,5,7650,450
958,0,210,51.14,50,3900,300
959,0,210,21.4,25,4500,500
960,0,210,95.94,5,4650,150
961,0,210,21.51,10,7750,250
962,0,210,25.72,40,5400,450
963,0,210,32,35,5850,150
964,0,210,40.95,5,6400,400
965,0,210,56.42,50,8800,400
966,0,210,66.83,25,7300,100
967,0,210,11.5,5,1100,100
968,0,210,57.38,15,1000,200
969,0,210,94.48,5,2000,250
970,0,210,53.54,20,3600,300
971,0,210,54.68,10,9900,150
972,0,210,12.96,25,2250,450
973,0,210,58.15,20,7650,450
974,0,210,41.49,40,5600,350
975,0,210,60.62,20,10000,200
976,0,210,48.63,15,5700,300
977,0,210,74.35,15,6450,150
978,0,210,27.25,25,2000,500
979,0,210,91.7,45,7500,500
980,0,210,64.56,30,1600,200
981,0,210,60.66,20,9600,150
982,0,210,87.46,20,3500,350
983,0,210,78.76,50,6300,450
984,0,210,99.93,40,6800,100
985,0,210,85.93,40,2500,250
986,0,210,80.1,50,1500,300
987,0,210,15.63,30,9600,300
988,0,210,17.83,35,500,500
989,0,210,29.69,45,7200,150
990,0,210,45.74,25,4000,500
991,0,210,55.67,15,8750,250
992,0,210,21.58,10,7650,450
993,0,210,55.84,50,7200,450
994,0,210,39.72,50,2800,100
995,0,210,90.15,15,9000,450
996,0,210,26.37,10,3700,100
997,0,210,45.9,45,7350,50
998,0,210,61.92,50,7200,450
999,0,210,44.5,35,9450,150
1000,0,210,78.24,15,1200,400
1001,0,210,44.86,30,3000,200
1002,0,210,15.19,10,4150,50
1003,0,210,43.27,10,4400,100
1004,0,210,82.34,15,1750,350
1005,0,210,88.68,30,1100,100
1006,0,210,38.19,10,500,100
1007,0,210,53.12,40,1800,100
1008,0,210,79.01,40,7500,250
1009,0,210,28.55,20,3850,350
1010,0,210,10.02,10,1200,150
1011,0,210,57.43,20,2200,200
1012,0,210,99.49,15,2500,250
1013,0,210,76.33,30,750,50
1014,0,210,64.78,30,9500,250
1015,0,210,37.22,50,8750,250
1016,0,210,26.6,15,8550,450
1017,0,210,28.48,35,3750,250
1018,0,210,16.5,15,7600,200
1019,0,210,40.19,45,7200,100
1020,0,210,83.73,5,1200,400
1021,0,210,91.8,50,6300,300
1022,0,210,49.52,5,4800,400
1023,0,210,36.17,25,9450,350
1024,0,210,61.57,40,900,300
1025,0,210,42.9,15,9000,250
1026,0,210,94.51,35,3500,50
1027,0,210,10.01,30,2000,500
1028,0,210,79.41,40,3600,200
1029,0,210,71.33,10,6500,250
1030,0,210,23.97,15,10150,350
1031,0,210,51.85,50,5200,200
1032,0,210,54.85,45,8700,300
1033,0,210,69.47,20,700,350
1034,0,210,23.29,25,5500,250
1035,0,210,63.64,30,3250,250
1036,0,210,98.86,20,3300,300
1037,0,210,16.8,25,7200,400
1038,0,210,76.8,45,6300,350
1039,0,210,76.89,30,4050,150
1040,0,210,23.01,50,4200,300
1041,0,210,33.15,40,2250,450
1042,0,210,46.28,15,4900,50
1043,0,210,12.85,50,5850,450
1044,0,210,20.01,40,5200,100
1045,0,210,43.38,15,8500,500
1046,0,210,44.4,20,2100,100
1047,0,210,97.53,50,10000,400
1048,0,210,75.04,25,5700,300
1049,0,210,59.97,35,1550,50
1050,0,210,18.29,45,10350,450
1051,0,210,68.92,30,8000,200
1052,0,210,73.29,5,2400,400
1053,0,210,86.23,15,2000,500
1054,0,210,10.63,50,9600,300
1055,0,210,25.85,40,450,450
1056,0,210,19.51,40,4400,100
1057,0,210,12.93,5,9750,250
1058,0,210,66.1,45,9850,50
1059,0,210,98.05,20,9200,200
1060,0,210,81.32,50,5600,50
1061,0,210,89.36,15,4200,100
1062,0,210,35.37,50,750,250
1063,0,210,67.51,15,8800,200
1064,0,210,23.74,45,1500,150
1065,0,210,46.89,25,9500,100
1066,0,210,29.34,25,4000,250
1067,0,210,35.83,20,5200,400
1068,0,210,82.18,30,1800,150
1069,0,210,75.39,45,7750,250
1070,0,210,20.77,20,3700,50
1071,0,210,23.18,10,9500,100
1072,0,210,86.56,35,9500,250
1073,0,210,80.17,5,7800,300
1074,0,210,57.83,35,1600,400
1075,0,210,84.59,30,3400,100
1076,0,210,63.15,15,2400,150
1077,0,210,23.88,40,7000,350
1078,0,210,68.44,40,2400,400
1079,0,210,75.04,5,2400,100
1080,0,210,68.91,25,7850,50
1081,0,210,14.89,25,9200,400
1082,0,210,55.54,50,10050,150
1083,0,210,19.36,25,8000,100
1084,0,210,30.54,5,3000,300
1085,0,210,53.99,40,7500,100
1086,0,210,69.21,40,5100,300
1087,0,210,31.05,30,4500,250
1088,0,210,60.11,20,900,50
1089,0,210,43.89,35,8300,100
1090,0,210,14.65,15,6800,200
1091,0,210,90.16,20,1200,400
1092,0,210,40.31,5,7050,150
1093,0,210,95.12,20,900,100
1094,0,210,65.38,50,900,150
1095,0,210,41.07,15,750,250
1096,0,210,15.55,50,7000,500
1097,0,210,97.21,35,2400,400
1098,0,210,55.32,25,6000,400
1099,0,210,84.73,35,3600,150
1100,0,210,55.78,20,2100,150
1101,0,210,38.7,40,1050,50
1102,0,210,24.89,40,4750,250
1103,0,210,18.03,45,500,250
1104,0,210,57.42,50,4050,450
1105,0,210,27.65,30,5850,150
1106,0,210,67.28,30,7500,500
1107,0,210,23.52,30,4900,350
1108,0,210,93.61,15,7200,200
1109,0,210,14.99,15,7350,350
1110,0,210,88.76,45,7000,200
1111,0,210,86.27,5,10000,500
1112,0,210,46.44,35,600,200
1113,0,210,52.36,50,1500,250
1114,0,210,67.56,25,4650,50
1115,0,210,69.69,20,4000,200
1116,0,210,68,45,5950,350
1117,0,210,71.03,20,5600,200
1118,0,210,90.3,5,4000,500
1119,0,210,84.92,45,3250,250
1120,0,210,84.66,5,900,450
1121,0,210,88.01,20,7950,150
1122,0,210,88.05,25,4000,100
1123,0,210,20.47,20,3000,200
1124,0,210,48,45,600,300
1125,0,210,71.61,5,3200,400
1126,0,210,48.79,50,1250,250
1127,0,210,91.07,30,8250,250
1128,0,210,21.89,45,5550,150
1129,0,210,28.8,35,9450,450
1130,0,210,10.37,45,900,450
1131,0,210,82.78,25,2000,500
1132,0,210,68.05,45,900,300
1133,0,210,49.61,45,7400,200
1134,0,210,30.99,45,600,50
1135,0,210,35.57,40,8400,350
1136,0,210,26.8,30,1600,400
1137,0,210,48.1,30,2500,500
1138,0,210,74.73,40,1600,400
1139,0,210,71.09,50,7700,350
1140,0,210,17.48,40,800,100
1141,0,210,40.93,35,2450,350
1142,0,210,25.38,25,7650,450
1143,0,210,63.19,15,7200,300
1144,0,210,10.42,20,350,350
1145,0,210,13.09,40,7650,450
1146,0,210,63.19,15,5250,350
1147,0,210,18.73,30,1200,150
1148,0,210,81.47,45,3100,50
1149,0,210,54.6,15,6600,50
1150,0,210,15.55,15,8200,200
1151,0,210,26.97,40,4200,300
1152,0,210,38.71,35,1200,200
1153,0,210,53.85,25,8250,250
1154,0,210,80.35,50,5000,500
1155,0,210,60.04,5,450,450
1156,0,210,29.11,30,7200,300
1157,0,210,17.21,10,4400,200
1158,0,210,33.39,20,9500,250
1159,0,210,75.53,5,8500,250
1160,0,210,99.45,5,2000,500
1161,0,210,44.67,10,7000,250
1162,0,210,30.43,40,3200,400
1163,0,210,42.22,50,700,350
1164,0,210,96.84,35,5750,50
1165,0,210,40.24,15,9700,100
1166,0,210,58.68,45,4800,200
1167,0,210,87.32,45,4350,150
1168,0,210,95.27,5,5400,450
1169,0,210,76.79,40,2800,400
1170,0,210,62.9,10,9900,450
1171,0,210,17.72,15,3600,300
1172,0,210,40.07,30,5200,400
1173,0,210,41.9,40,1800,150
1174,0,210,30.89,35,8500,500
1175,0,210,25.54,45,7500,500
1176,0,210,27.29,40,5600,350
1177,0,210,16.98,50,800,400
1178,0,210,37.99,25,8800,400
1179,0,210,55.11,40,5400,300
1180,0,210,19.3,20,9400,50
1181,0,210,70.18,45,8550,450
1182,0,210,87.97,30,7000,500
1183,0,210,55.93,30,7200,450
1184,0,210,97.41,25,300,150
1185,0,210,54.92,10,1750,250
1186,0,210,77.25,25,2600,200
1187,0,210,93.99,25,9450,350
1188,0,210,42.98,30,8400,300
1189,0,210,99.3,30,1500,500
1190,0,210,69.19,15,600,150
1191,0,210,67.62,45,9750,250
1192,0,210,90.72,25,7400,200
1193,0,210,84.59,30,6300,450
1194,0,210,46.77,15,4050,150
1195,0,210,47.55,45,7800,300
1196,0,210,59.31,35,5250,250
1197,0,210,15.89,40,4000,400
1198,0,210,13.91,30,9000,450
1199,0,210,88.39,30,1800,200
1200,0,210,83.79,35,7350,350
1201,0,210,50.52,15,7200,50
1202,0,210,83.84,40,2700,300
1203,0,210,67.94,20,6300,450
1204,0,210,92.92,5,6800,200
1205,0,210,37.77,40,8800,100
1206,0,210,92.94,50,9450,150
1207,0,210,65.25,5,500,250
1208,0,210,29.95,25,9900,450
1209,0,210,60.32,15,2500,500
1210,0,210,22.79,15,9100,350
1211,0,210,79.38,35,4200,200
1212,0,210,87.93,5,7400,50
1213,0,210,23.02,30,500,500
1214,0,210,16.84,20,5450,50
1215,0,210,65.04,50,9250,50
1216,0,210,82.27,50,7250,250
1217,0,210,15.45,5,500,250
1218,0,210,53.99,20,10000,500
1219,0,210,38.77,35,6400,400
1220,0,210,57.03,50,2450,350
1221,0,210,63.6,10,2250,450
1222,0,210,55.3,10,7800,300
1223,0,210,47.52,15,2450,350
1224,0,210,19.41,35,2500,250
1225,0,210,88.27,25,5500,500
1226,0,210,16.03,35,8100,300
1227,0,210,36.38,45,6000,150
1228,0,210,35.66,20,3200,100
1229,0,210,29.47,25,1800,450
1230,0,210,23.93,50,5000,500
1231,0,210,73.5,10,7500,500
1232,0,210,88.6,20,900,300
1233,0,210,91.17,30,9150,150
1234,0,210,64.41,15,6450,150
1235,0,210,78.65,35,4550,350
1236,0,210,59.5,15,8900,50
1237,0,210,98.85,40,3900,300
1238,0,210,21.56,15,7000,250
1239,0,210,22.15,40,7650,450
1240,0,210,29.33,35,6400,400
1241,0,210,98,20,4500,100
1242,0,210,68.3,20,4200,150
1243,0,210,40.93,45,10150,350
1244,0,210,66.26,45,400,200
1245,0,210,10.56,40,3250,50
1246,0,210,83.22,50,4650,50
1247,0,210,26.14,50,3600,450
1248,0,210,59.15,20,8400,150
1249,0,210,93.5,25,4000,200
1250,0,210,54.75,25,5000,250
1251,0,210,24.57,45,2450,350
1252,0,210,95.1,20,2000,250
1253,0,210,36.1,15,7200,450
1254,0,210,85.66,40,5250,50
1255,0,210,43.89,15,10000,500
1256,0,210,39.68,10,7500,300
1257,0,210,66.45,35,8300,100
1258,0,210,59.42,40,1900,50
1259,0,210,22.06,15,5200,400
1260,0,210,61.27,30,9800,350
1261,0,210,84.56,30,900,150
1262,0,210,25.94,10,9000,200
1263,0,210,13.54,45,7650,450
1264,0,210,11.57,5,750,250
1265,0,210,74.74,20,1800,450
1266,0,210,92.72,15,8300,100
1267,0,210,52.32,5,3600,450
1268,0,210,98.08,45,2400,400
1269,0,210,62.12,40,8400,300
1270,0,210,19.04,35,3000,150
1271,0,210,47.32,5,8000,500
1272,0,210,42.16,30,4800,200
1273,0,210,52.84,40,6300,100
1274,0,210,29.9,35,600,200
1275,0,210,58.9,35,7750,250
1276,0,210,32.47,15,1250,250
1277,0,210,92.7,15,800,400
1278,0,210,55.57,25,5000,200
1279,0,210,65.05,45,6300,450
1280,0,210,76.13,15,2400,400
1281,0,210,43.97,50,600,200
1282,0,210,40.63,45,6300,350
1283,0,210,75.9,45,5100,300
1284,0,210,73.11,50,4000,400
1285,0,210,19.97,30,9800,200
1286,0,210,14.45,5,3050,50
1287,0,210,60.69,15,2400,200
1288,0,210,62.22,50,1750,350
1289,0,210,21.21,20,7700,350
1290,0,210,93.78,15,6600,300
1291,0,210,61.8,25,1250,250
1292,0,210,59.16,5,2000,500
1293,0,210,60.57,50,7650,150
1294,0,210,96.71,10,750,250
1295,0,210,38.94,5,9450,150
1296,0,210,39.59,40,1200,50
1297,0,210,11.14,25,9000,300
1298,0,210,57.03,50,4200,200
1299,0,210,38.24,5,1950,150
1300,0,210,59.06,25,9500,500
1301,0,210,81.99,10,4200,350
1302,0,210,31.33,10,7650,150
1303,0,210,62.5,50,2200,100
1304,0,210,26.29,35,600,50
1305,0,210,57.43,45,7800,300
1306,0,210,62.04,35,7200,450
1307,0,210,74.19,50,6900,150
1308,0,210,70.92,5,7250,250
1309,0,210,71.81,50,1800,150
1310,0,210,17.1,45,4000,250
1311,0,210,56.7,45,1000,500
1312,0,210,16.59,35,1400,350
1313,0,210,97.99,5,6600,200
1314,0,210,95.63,35,7700,350
1315,0,210,32.2,25,9100,50
1316,0,210,21.25,45,6300,450
1317,0,210,78.41,25,9400,100
1318,0,210,73.75,25,1400,50
1319,0,210,93.24,50,900,300
1320,0,210,14.3,35,9150,150
1321,0,210,25.04,45,7200,400
1322,0,210,97.47,10,7200,300
1323,0,210,56.98,5,9100,100
1324,0,210,97.19,45,7250,250
1325,0,210,85.79,30,900,150
1326,0,210,37.06,25,5400,300
1327,0,210,65.17,10,450,50
1328,0,210,30.28,45,750,50
1329,0,210,54.8,45,3200,200
1330,0,210,41.87,45,1300,100
1331,0,210,22.34,15,7700,350
1332,0,210,70.57,20,6000,250
1333,0,210,18.68,10,6800,200
1334,0,210,49.28,25,4500,300
1335,0,210,46.45,40,900,450
1336,0,210,33.92,30,1000,200
1337,0,210,68.03,25,9750,250
1338,0,210,18.3,5,8700,150
1339,0,210,84.9,20,6750,250
1340,0,210,46.5,20,5100,50
1341,0,210,53.02,35,4050,450
1342,0,210,54.33,45,9300,300
1343,0,210,99.87,20,6300,300
1344,0,210,33.15,20,2000,250
1345,0,210,64.43,15,6300,450
1346,0,210,39.05,15,900,100
1347,0,210,64.01,35,9900,450
1348,0,210,25.02,25,5700,50
1349,0,210,58.23,5,1000,500
1350,0,210,81.98,40,2700,300
1351,0,210,29.79,40,5500,250
1352,0,210,33.72,25,6000,500
1353,0,210,12.33,40,750,150
1354,0,210,74.06,15,9900,450
1355,0,210,31.06,15,5400,450
1356,0,210,35.21,5,9600,150
1357,0,210,43.17,45,10000,500
1358,0,210,65.68,35,1000,500
1359,0,210,60.39,15,2000,50
1360,0,210,48.39,5,4000,500
1361,0,210,23.49,25,8750,50
1362,0,210,96.1,40,8700,300
1363,0,210,77.64,25,4700,50
1364,0,210,21.34,40,2400,400
1365,0,210,68.85,15,9450,450
1366,0,210,13.36,45,8100,450
1367,0,210,55.49,50,2700,450
1368,0,210,46.64,50,1800,300
1369,0,210,95.57,5,2500,100
1370,0,210,49.41,20,3400,200
1371,0,210,11.43,10,1000,200
1372,0,210,42.38,10,9900,300
1373,0,210,68.91,50,7000,500
1374,0,210,75.71,10,2000,400
1375,0,210,95.76,5,1800,200
1376,0,210,99.5,25,6000,500
1377,0,210,21.44,30,3250,250
1378,0,210,89.89,35,1000,500
1379,0,210,14.22,45,4350,150
1380,0,210,72.04,45,7600,400
1381,0,210,47.77,45,2000,200
1382,0,210,18.15,30,5750,50
1383,0,210,57.2,50,7400,100
1384,0,210,71.08,40,2250,250
1385,0,210,85.97,5,7000,200
1386,0,210,15.27,45,5100,50
1387,0,210,94.87,40,1050,350
1388,0,210,57.18,40,7200,300
1389,0,210,36.67,40,3000,200
1390,0,210,51.96,50,9000,450
1391,0,210,84.96,50,3000,300
1392,0,210,98.34,25,4800,400
1393,0,210,66.83,40,700,100
1394,0,210,50.58,5,7250,250
1395,0,210,32.43,25,9800,200
1396,0,210,66.45,30,7200,150
1397,0,210,67.75,35,1250,250
1398,0,210,50.84,35,200,200
1399,0,210,61.53,35,3600,400
1400,0,210,50.63,30,5700,300
1401,0,210,91.51,25,3600,200
1402,0,210,27.53,45,8700,300
1403,0,210,56.24,35,4950,150
1404,0,210,50.91,10,1050,350
1405,0,210,32.32,35,6900,300
1406,0,210,13.32,15,1800,450
1407,0,210,60.33,25,800,200
1408,0,210,62.45,10,7050,150
1409,0,210,82.98,35,3150,450
1410,0,210,75.12,20,9450,150
1411,0,210,83.12,35,5250,150
1412,0,210,94.38,5,3500,500
1413,0,210,28.7,35,7000,250
1414,0,210,47.44,45,8750,50
1415,0,210,63.9,10,4250,250
1416,0,210,75.7,35,3150,450
1417,0,210,92.48,20,200,200
1418,0,210,18.68,45,7200,450
1419,0,210,64.93,50,9300,150
1420,0,210,84.29,20,3000,250
1421,0,210,69.03,40,6400,200
1422,0,210,25.29,40,9600,400
1423,0,210,45.16,15,8750,350
1424,0,210,57.39,45,6300,450
1425,0,210,62.29,25,6000,200
1426,0,210,68.15,10,7200,450
1427,0,210,96.14,50,10350,450
1428,0,210,42.69,10,350,350
1429,0,210,39.54,50,8200,100
1430,0,210,72.04,45,6600,300
1431,0,210,85.84,50,9000,500
1432,0,210,62.93,35,2800,350
1433,0,210,47.68,20,2000,400
1434,0,210,94.48,20,5800,50
1435,0,210,44.23,15,2500,500
1436,0,210,98.85,50,5700,150
1437,0,210,18.79,10,4950,150
1438,0,210,26.83,45,7050,150
1439,0,210,89.93,40,400,400
1440,0,210,46.73,30,4200,350
1441,0,210,10.69,35,8400,350
1442,0,210,58.61,25,750,250
1443,0,210,18.27,25,2700,450
1444,0,210,90.21,30,3500,350
1445,0,210,33.96,15,5500,500
1446,0,210,71.66,25,4400,50
1447,0,210,35.57,45,8100,450
1448,0,210,99.08,20,4950,450
1449,0,210,40.21,50,4200,350
1450,0,210,19.97,30,5250,350
1451,0,210,94.81,25,450,450
1452,0,210,30.15,45,6000,250
1453,0,210,26.87,50,200,200
1454,0,210,34,10,5250,350
1455,0,210,47.78,10,6800,100
1456,0,210,25.84,20,7650,450
1457,0,210,27.64,5,5300,100
1458,0,210,45.03,30,2500,500
1459,0,210,24.12,10,1800,100
1460,0,210,13.83,40,9450,150
1461,0,210,71.85,50,9750,250
1462,0,210,61.43,35,600,200
1463,0,210,66.95,15,3550,50
1464,0,210,47.27,45,9000,300
1465,0,210,30.76,5,5850,150
1466,0,210,32.63,20,2800,350
1467,0,210,83.06,25,3600,300
1468,0,210,87.37,10,1400,350
1469,0,210,27.7,30,1800,100
1470,0,210,85.88,5,4500,300
1471,0,210,19.74,20,4800,400
1472,0,210,53.33,30,200,100
1473,0,210,34.2,35,4550,350
1474,0,210,56.39,45,7700,350
1475,0,210,12.77,25,9200,400
1476,0,210,78.64,25,5250,150
1477,0,210,17.62,50,8500,50
1478,0,210,72.1,30,1500,500
1479,0,210,76.68,15,10050,150
1480,0,210,90.24,40,4800,150
1481,0,210,43.7,35,3500,350
1482,0,210,81.02,20,5400,450
1483,0,210,37.55,20,4050,450
1484,0,210,96.94,10,7500,500
1485,0,210,84.6,15,8800,400
1486,0,210,60.23,10,5700,300
1487,0,210,82.83,25,7200,450
1488,0,210,68.89,45,3200,200
1489,0,210,26.57,20,6750,450
1490,0,210,15.49,25,4800,300
1491,0,210,69.99,50,750,250
1492,0,210,54.26,40,250,250
1493,0,210,33.1,30,2700,450
1494,0,210,29.54,35,3500,250
1495,0,210,39.35,35,1050,350
1496,0,210,80.5,45,9300,150
1497,0,210,78.28,15,8400,400
1498,0,210,50.38,15,900,450
1499,0,210,13.43,20,2450,50
1500,0,210,64.95,40,9000,150
1501,0,210,57.71,50,800,400
1502,0,210,29.26,50,10000,500
1503,0,210,83,25,7100,100
1504,0,210,63.33,50,50,50
1505,0,210,61.4,30,9500,500
1506,0,210,90.6,10,8650,50
1507,0,210,85.27,50,300,300
1508,0,210,10.79,50,4350,50
1509,0,210,48.12,35,5200,100
1510,0,210,18.35,15,8000,400
1511,0,210,40.3,45,3600,400
1512,0,210,78.63,50,1200,150
1513,0,210,94.5,35,3300,300
1514,0,210,35.63,15,7500,250
1515,0,210,65.81,45,5000,250
1516,0,210,15.58,50,9150,150
1517,0,210,19.31,30,7350,350
1518,0,210,40.07,30,7400,200
1519,0,210,55.29,25,9750,250
1520,0,210,15.77,15,8600,200
1521,0,210,92.43,10,6200,200
1522,0,210,36.76,5,6100,100
1523,0,210,93.86,35,4500,500
1524,0,210,71.57,45,4100,100
1525,0,210,62.54,5,9600,150
1526,0,210,41.68,50,9800,350
1527,0,210,67.16,30,9200,400
1528,0,210,18.87,10,8100,450
1529,0,210,77.22,40,8250,50
1530,0,210,97.15,25,3500,250
1531,0,210,13.79,50,1500,300
1532,0,210,68.72,50,2100,300
1533,0,210,65.68,25,1000,100
1534,0,210,53.44,35,8000,400
1535,0,210,16.45,10,3150,350
1536,0,210,46.86,15,1450,50
1537,0,210,25.76,25,5400,450
1538,0,210,58.12,10,6000,400
1539,0,210,40.19,50,6000,500
1540,0,210,32.3,25,2250,250
1541,0,210,33.94,30,1850,50
1542,0,210,10.91,40,1000,500
1543,0,210,75.03,25,8800,400
1544,0,210,65.59,15,9850,50
1545,0,210,96.74,30,3000,300
1546,0,210,40.59,30,9500,500
1547,0,210,72.13,10,3900,100
1548,0,210,99.8,40,9450,350
1549,0,210,81.77,10,6400,400
1550,0,210,74.94,25,6500,100
1551,0,210,30.71,50,9000,450
1552,0,210,15.17,30,1200,400
1553,0,210,33.34,50,2450,350
1554,0,210,46.48,50,10000,250
1555,0,210,81.08,30,9450,350
1556,0,210,71.94,20,9300,300
1557,0,210,97.34,25,700,350
1558,0,210,71.19,15,1650,150
1559,0,210,53.08,40,7050,150
1560,0,210,12.21,5,4000,500
1561,0,210,26.57,20,9000,500
1562,0,210,13.16,40,5250,250
1563,0,210,74.52,25,2250,250
1564,0,210,37.33,25,4950,450
1565,0,210,45.63,45,1200,300
1566,0,210,40.28,10,3500,500
1567,0,210,21.08,10,900,300
1568,0,210,60.83,25,5850,450
1569,0,210,97.82,20,8700,100
1570,0,210,18.5,50,1600,400
1571,0,210,58.47,50,4950,450
1572,0,210,38.11,30,3150,450
1573,0,210,71.42,15,6500,250
1574,0,210,89.44,35,2100,350
1575,0,210,65.09,25,6500,250
1576,0,210,78.07,35,3900,100
1577,0,210,55.28,50,3600,450
1578,0,210,78.57,40,2250,150
1579,0,210,19.25,45,3150,450
1580,0,210,39.6,50,3750,150
1581,0,210,42.97,45,4800,300
1582,0,210,24.09,25,3200,100
1583,0,210,78.57,5,7650,450
1584,0,210,33.83,35,2700,300
1585,0,210,84.28,10,3300,300
1586,0,210,88.48,45,4800,200
1587,0,210,89.02,50,9450,350
1588,0,210,45.59,50,9000,100
1589,0,210,91.39,40,5000,500
1590,0,210,15.61,45,4500,300
1591,0,210,88.25,15,9750,50
1592,0,210,97.76,50,6000,400
1593,0,210,76.44,50,3900,150
1594,0,210,88.23,45,4750,250
1595,0,210,24.3,45,5000,250
1596,0,210,29.41,35,8250,150
1597,0,210,20.23,20,3600,400
1598,0,210,98.54,30,9150,150
1599,0,210,79.36,10,5700,300
1600,0,210,63.91,10,8050,350
1601,0,210,46.41,5,3600,200
1602,0,210,47.61,15,9750,150
1603,0,210,19.74,35,400,100
1604,0,210,95.21,35,4500,500
1605,0,210,20.83,15,2700,100
1606,0,210,36.85,20,600,300
1607,0,210,10.08,15,7700,100
1608,0,210,45.18,15,2450,350
1609,0,210,15.03,30,5400,450
1610,0,210,55.76,45,900,450
1611,0,210,25.78,40,7000,500
1612,0,210,17.63,50,1650,150
1613,0,210,50.41,45,2700,100
1614,0,210,98.79,35,6750,450
1615,0,210,58.3,15,7100,100
1616,0,210,41.33,40,5750,250
1617,0,210,62.28,50,350,350
1618,0,210,11.79,35,2450,350
1619,0,210,61.55,45,6800,400
1620,0,210,54.08,10,8500,250
1621,0,210,75.77,35,2400,300
1622,0,210,38.7,20,7000,100
1623,0,210,96.57,25,8700,150
1624,0,210,99.24,5,5600,350
1625,0,210,65.9,10,4000,200
1626,0,210,43.74,20,6300,350
1627,0,210,66.7,45,7700,100
1628,0,210,55.67,50,2250,250
1629,0,210,88.83,45,5100,150
1630,0,210,81,25,3600,400
1631,0,210,38.36,15,50,50
1632,0,210,15.9,35,8700,150
1633,0,210,26.9,30,9400,200
1634,0,210,58.76,30,2700,450
1635,0,210,98.42,45,4800,100
1636,0,210,32.08,30,3400,100
1637,0,210,80.64,15,8600,200
1638,0,210,47.53,15,8500,500
1639,0,210,39.03,5,5100,150
1640,0,210,22.91,45,6000,300
1641,0,210,46.82,50,6750,450
1642,0,210,93.43,40,3850,50
1643,0,210,71.22,20,5000,500
1644,0,210,21.49,25,8400,300
1645,0,210,33.68,30,8400,400
1646,0,210,52.77,5,7200,450
1647,0,210,73.62,25,4550,50
1648,0,210,11.87,5,6150,50
1649,0,210,19.69,15,2750,250
1650,0,210,79.91,30,4500,450
1651,0,210,31.15,45,6400,400
1652,0,210,63.32,50,3250,50
1653,0,210,56.41,25,1600,400
1654,0,210,50.99,50,9000,450
1655,0,210,60.47,40,8800,200
1656,0,210,52.58,20,2800,350
1657,0,210,29.73,30,9600,400
1658,0,210,67.11,10,900,300
1659,0,210,36.37,40,9600,400
1660,0,210,16.88,5,8200,100
1661,0,210,39.8,25,3750,250
1662,0,210,79.48,45,300,100
1663,0,210,37.36,25,1800,200
1664,0,210,50.54,50,2100,350
1665,0,210,33.29,40,3150,150
1666,0,210,39.62,40,4800,200
1667,0,210,89.24,10,9600,100
1668,0,210,14.2,35,5850,450
1669,0,210,61.81,15,9000,500
1670,0,210,56.46,30,1650,150
1671,0,210,30.52,25,1700,100
1672,0,210,69.17,50,8750,350
1673,0,210,88.22,40,5800,200
1674,0,210,80.35,35,4000,400
1675,0,210,72.24,40,6400,400
1676,0,210,44.19,35,8500,100
1677,0,210,15.48,35,2400,200
1678,0,210,77.4,25,4950,50
1679,0,210,82.26,30,4500,300
1680,0,210,19.06,35,10050,150
1681,0,210,38.2,15,4500,500
1682,0,210,75.43,30,8700,150
1683,0,210,27.43,20,5100,150
1684,0,210,17.8,45,2800,350
1685,0,210,85.97,25,2300,50
1686,0,210,49.47,45,900,450
1687,0,210,63.9,50,5250,50
1688,0,210,65.74,45,6200,100
1689,0,210,88.07,10,350,350
1690,0,210,92.68,45,8400,150
1691,0,210,82.41,5,4000,400
1692,0,210,68.41,15,1600,200
1693,0,210,20.8,10,6900,300
1694,0,210,44.48,45,4000,500
1695,0,210,10.9,15,8050,350
1696,0,210,41.42,10,7200,400
1697,0,210,89.33,5,2100,350
1698,0,210,68.74,40,2000,400
1699,0,210,57.94,30,3000,500
1700,0,210,22.83,45,750,250
1701,0,210,51.96,10,3250,250
1702,0,210,12.64,45,4700,50
1703,0,210,91.61,40,6500,500
1704,0,210,34.1,40,2650,50
1705,0,210,88.83,45,300,150
1706,0,210,38.75,45,5600,350
1707,0,210,64.31,45,600,300
1708,0,210,22.79,45,3150,50
1709,0,210,74.09,25,5250,350
1710,0,210,49.49,10,1800,300
1711,0,210,23.36,25,2750,250
1712,0,210,64.58,50,900,50
1713,0,210,54.1,45,2500,500
1714,0,210,18.52,40,6300,450
1715,0,210,69.99,5,2000,250
1716,0,210,38.23,5,6600,300
1717,0,210,60.99,45,9400,200
1718,0,210,27.7,45,3900,50
1719,0,210,67.44,45,1500,150
1720,0,210,60.87,5,7650,450
1721,0,210,49.14,15,7000,100
1722,0,210,55.73,20,1200,400
1723,0,210,33.68,20,2400,50
1724,0,210,42.76,5,5700,50
1725,0,210,78.44,10,3900,300
1726,0,210,73.71,20,6000,250
1727,0,210,11.93,45,6400,100
1728,0,210,99.37,35,9600,200
1729,0,210,19.76,20,4500,450
1730,0,210,60.08,10,4050,150
1731,0,210,46.14,30,2700,100
1732,0,210,91.46,50,2700,450
1733,0,210,63.78,35,7500,500
1734,0,210,63.1,10,1400,200
1735,0,210,28.74,15,4050,50
1736,0,210,21.89,30,9400,200
1737,0,210,28.14,25,800,200
1738,0,210,92.99,5,7600,50
1739,0,210,57.55,25,2400,150
1740,0,210,83.37,5,9000,450
1741,0,210,51.65,5,7550,50
1742,0,210,15.21,35,5400,450
1743,0,210,39.85,50,3500,350
1744,0,210,19.45,15,7000,350
1745,0,210,67.9,35,8100,100
1746,0,210,24.16,20,2100,300
1747,0,210,80.33,15,2600,200
1748,0,210,98.32,45,9500,500
1749,0,210,29.36,40,3000,500
1750,0,210,96.7,10,7000,250
1751,0,210,68.71,30,9300,150
1752,0,210,50.69,30,6000,250
1753,0,210,32.74,10,1000,500
1754,0,210,11.04,25,9800,100
1755,0,210,61.01,25,8700,50
1756,0,210,89.57,15,9300,150
1757,0,210,14.07,50,600,300
1758,0,210,27.66,50,2700,450
1759,0,210,41.9,25,8000,250
1760,0,210,89.63,15,4350,150
1761,0,210,72.39,25,1350,450
1762,0,210,28.55,15,8850,150
1763,0,210,92.02,40,4800,50
1764,0,210,30.71,45,6800,200
1765,0,210,84.99,40,3200,200
1766,0,210,65.8,15,9900,150
1767,0,210,94.56,40,7000,500
1768,0,210,52.65,10,1400,350
1769,0,210,10.49,20,3500,100
1770,0,210,54.27,10,3600,400
1771,0,210,70.09,45,6200,200
1772,0,210,55.68,5,1500,500
1773,0,210,96.07,50,5400,200
1774,0,210,74.89,50,600,200
1775,0,210,35.77,10,1950,50
1776,0,210,21.15,25,1000,500
1777,0,210,88.92,5,1600,200
1778,0,210,83.42,35,7000,350
1779,0,210,81.49,10,450,450
1780,0,210,78.33,25,3000,500
1781,0,210,79.54,35,900,450
1782,0,210,18.21,15,3150,150
1783,0,210,54.47,20,5850,50
1784,0,210,86.59,5,2700,300
1785,0,210,54.19,25,8500,100
1786,0,210,10.28,50,8400,400
1787,0,210,40.08,10,750,250
1788,0,210,80.06,15,3150,450
1789,0,210,36.6,45,7200,300
1790,0,210,88.67,15,6400,400
1791,0,210,99.81,20,9600,100
1792,0,210,88.21,10,2700,450
1793,0,210,77.22,30,8400,350
1794,0,210,73.78,5,8400,150
1795,0,210,39.68,30,2850,150
1796,0,210,88.87,45,2000,500
1797,0,210,31.66,30,2000,400
1798,0,210,21.57,20,4500,500
1799,0,210,74.03,30,1600,400
1800,0,210,55.06,30,8100,300
1801,0,210,74.18,40,2500,500
1802,0,210,43.45,25,4550,350
1803,0,210,58.89,25,5500,500
1804,0,210,92.89,30,1800,300
1805,0,210,79.91,45,9800,350
1806,0,210,11.18,45,800,400
1807,0,210,83.25,30,5950,350
1808,0,210,68.36,30,5950,350
1809,0,210,12.06,20,4800,400
1810,0,210,94.99,50,4950,50
1811,0,210,48.26,50,9400,50
1812,0,210,29.2,50,8800,400
1813,0,210,11.88,50,2600,200
1814,0,210,11.77,40,1400,100
1815,0,210,30.39,10,1000,200
1816,0,210,44.51,20,6600,200
1817,0,210,91.77,25,9500,500
1818,0,210,37.29,20,6900,300
1819,0,210,70.44,35,9600,200
1820,0,210,35.62,5,2400,150
1821,0,210,70.45,35,8200,200
1822,0,210,19.52,10,1800,450
1823,0,210,21.37,30,1500,150
1824,0,210,75.33,40,10000,100
1825,0,210,23.76,25,9800,350
1826,0,210,11.93,10,5850,450
1827,0,210,77.92,40,1800,450
1828,0,210,18.48,35,5150,50
1829,0,210,88.71,45,2000,400
1830,0,210,32.8,5,9200,100
1831,0,210,36.95,40,2800,400
1832,0,210,81.47,40,8000,500
1833,0,210,97.19,35,1250,250
1834,0,210,72.43,50,9900,100
1835,0,210,17.46,35,9900,100
1836,0,210,66.28,40,8650,50
1837,0,210,89.4,10,2450,350
1838,0,210,91.66,5,9600,200
1839,0,210,43.57,40,5850,450
1840,0,210,93.39,30,1200,400
1841,0,210,88.37,25,9900,300
1842,0,210,58.85,50,800,200
1843,0,210,18.37,20,8250,250
1844,0,210,95.58,25,300,300
1845,0,210,80.49,25,2550,150
1846,0,210,11.8,20,6300,300
1847,0,210,80.28,5,6000,500
1848,0,210,35.63,20,7650,150
1849,0,210,63.48,10,5050,50
1850,0,210,49.94,35,9450,450
1851,0,210,79.06,40,6750,450
1852,0,210,96.63,50,2850,150
1853,0,210,33.28,25,1800,450
1854,0,210,54.96,5,3500,500
1855,0,210,58.86,50,5700,150
1856,0,210,26.12,20,3750,250
1857,0,210,26.42,25,6800,200
1858,0,210,87.14,15,1300,100
1859,0,210,41.16,35,3150,450
1860,0,210,93.54,5,2400,300
1861,0,210,50.62,25,400,400
1862,0,210,30.77,40,7200,450
1863,0,210,40.42,45,4900,350
1864,0,210,23.1,40,7000,350
1865,0,210,82.94,35,9900,450
1866,0,210,23.86,45,900,300
1867,0,210,21.96,20,2800,350
1868,0,210,94.22,30,1500,500
1869,0,210,68.09,10,8400,350
1870,0,210,19.15,20,2000,400
1871,0,210,26.07,35,3500,50
1872,0,210,42.97,35,2100,150
1873,0,210,92.17,50,5800,200
1874,0,210,73.64,50,9250,250
1875,0,210,23.01,5,2700,450
1876,0,210,29.69,45,5000,200
1877,0,210,19.19,45,3300,300
1878,0,210,46.25,20,3200,200
1879,0,210,59.29,45,3400,200
1880,0,210,94.1,50,9500,500
1881,0,210,27.44,15,9850,50
1882,0,210,99.92,20,3900,300
1883,0,210,47.82,30,1650,50
1884,0,210,96.61,35,4550,350
1885,0,210,46.79,50,1400,200
1886,0,210,40.35,25,4950,450
1887,0,210,76.78,30,1600,400
1888,0,210,75.57,40,6450,150
1889,0,210,89.03,50,9300,300
1890,0,210,61,35,8500,250
1891,0,210,70.2,5,7800,150
1892,0,210,86.94,25,1000,250
1893,0,210,33.49,45,10000,400
1894,0,210,27.69,15,7200,200
1895,0,210,58.33,30,5200,400
1896,0,210,50.23,10,8400,350
1897,0,210,32.87,40,450,450
1898,0,210,37.61,50,5250,150
1899,0,210,38.96,25,7700,50
1900,0,210,90.09,5,8350,50
1901,0,210,45.44,45,6400,400
1902,0,210,18.13,50,9900,450
1903,0,210,88.89,5,2700,100
1904,0,210,89.16,25,6600,300
1905,0,210,32.49,50,6200,100
1906,0,210,81.46,40,800,200
1907,0,210,81.39,10,8800,400
1908,0,210,69.35,40,5100,300
1909,0,210,46.09,35,8400,300
1910,0,210,70.47,40,6400,200
1911,0,210,35.79,30,3000,500
1912,0,210,11.3,45,2700,450
1913,0,210,90.98,45,8750,350
1914,0,210,23.05,35,1600,200
1915,0,210,53.93,5,1500,300
1916,0,210,72.71,50,1050,150
1917,0,210,53.25,40,7700,350
1918,0,210,78.14,15,1500,50
1919,0,210,63.51,15,9000,250
1920,0,210,61.3,30,4000,500
1921,0,210,32.6,20,1700,100
1922,0,210,55.54,50,5700,150
1923,0,210,13.75,40,10000,250
1924,0,210,26.91,50,8150,50
1925,0,210,69.28,40,8900,100
1926,0,210,22.41,20,6300,300
1927,0,210,46.59,20,5200,100
1928,0,210,29.58,35,800,400
1929,0,210,88.38,15,5200,400
1930,0,210,78.39,5,4500,500
1931,0,210,89.66,10,1800,300
1932,0,210,60.52,30,400,100
1933,0,210,65.41,5,4200,300
1934,0,210,71.71,30,9050,50
1935,0,210,79.5,50,6650,50
1936,0,210,56.31,50,5250,50
1937,0,210,59.66,20,300,100
1938,0,210,15.97,20,6750,150
1939,0,210,29.03,15,1750,50
1940,0,210,55.9,5,9250,250
1941,0,210,28.09,50,5800,200
1942,0,210,65.12,15,7650,450
1943,0,210,87.6,25,6400,400
1944,0,210,12.65,20,6200,50
1945,0,210,17.47,15,7200,400
1946,0,210,56.14,5,6000,400
1947,0,210,10.77,35,2100,350
1948,0,210,55.99,50,2400,150
1949,0,210,68.97,35,300,300
1950,0,210,35.26,30,4400,200
1951,0,210,50.11,5,10000,500
1952,0,210,86.23,5,9900,450
1953,0,210,97.03,15,5500,500
1954,0,210,34.04,50,9250,250
1955,0,210,66.6,20,1350,450
1956,0,210,61.57,10,4050,450
1957,0,210,98.34,45,4950,50
1958,0,210,70.85,30,4550,50
1959,0,210,98.63,40,4000,500
1960,0,210,97.46,15,2400,400
1961,0,210,96.07,25,2000,500
1962,0,210,51.09,45,500,500
1963,0,210,20.05,25,5600,400
1964,0,210,16.14,45,9600,400
1965,0,210,98.64,35,6300,300
1966,0,210,73.24,40,5850,450
1967,0,210,66.94,30,3750,150
1968,0,210,26.01,20,5850,450
1969,0,210,33.76,25,4750,250
1970,0,210,63.12,40,1050,350
1971,0,210,29.1,40,1950,50
1972,0,210,39.67,5,4950,150
1973,0,210,90.2,35,8800,400
1974,0,210,90.33,30,300,300
1975,0,210,82.95,15,6000,250
1976,0,210,31.62,35,5200,400
1977,0,210,40.09,25,9000,250
1978,0,210,39.93,45,7650,450
1979,0,210,93.87,15,3000,300
1980,0,210,27.87,45,2000,400
1981,0,210,41.79,35,1750,50
1982,0,210,54.95,40,9450,50
1983,0,210,35.22,35,1350,450
1984,0,210,54.27,20,5950,350
1985,0,210,14.43,35,4000,100
1986,0,210,87,15,350,350
1987,0,210,97.73,25,1500,150
1988,0,210,93.92,5,5900,100
1989,0,210,52.29,5,4500,450
1990,0,210,81.7,10,7700,350
1991,0,210,59.77,25,7550,50
1992,0,210,69.72,25,9900,450
1993,0,210,87.76,50,8300,50
1994,0,210,79.9,15,8700,300
1995,0,210,73.51,50,6000,150
1996,0,210,83.95,25,2400,400
1997,0,210,79.64,40,1200,100
1998,0,210,55.55,35,5500,50
1999,0,210,66.4,35,7400,200
2000,0,210,43.71,5,2100,350
2001,0,210,49.85,50,3600,400
2002,0,210,20.39,30,8000,400
2003,0,210,62.78,40,9350,50
2004,0,210,88.05,50,9500,250
2005,0,210,68.59,35,1600,400
2006,0,210,49.99,20,9000,500
2007,0,210,81.23,20,3200,200
2008,0,210,39.01,30,6550,50
2009,0,210,25.43,45,6700,100
2010,0,210,63.37,5,5400,150
2011,0,210,84.09,10,9600,200
2012,0,210,19.92,30,1000,500
2013,0,210,93.04,35,1400,200
2014,0,210,20.97,35,5350,50
2015,0,210,59.26,5,1750,350
2016,0,210,98.33,10,3800,200
2017,0,210,58.08,25,4500,500
2018,0,210,89.7,30,6750,150
2019,0,210,39.81,50,7200,400
2020,0,210,59.55,5,800,50
2021,0,210,13.9,50,5600,400
2022,0,210,68.2,20,8550,150
2023,0,210,18.13,40,5200,400
2024,0,210,52.41,35,7650,450
2025,0,210,26.53,5,2900,50
2026,0,210,74.66,10,2200,100
2027,0,210,45.68,15,4900,350
2028,0,210,14.22,30,9400,200
2029,0,210,57.59,15,6000,400
2030,0,210,80.58,10,8500,500
2031,0,210,45.48,20,9500,500
2032,0,210,61.92,35,4000,400
2033,0,210,99.85,35,9500,500
2034,0,210,99.07,5,10200,300
2035,0,210,69.41,20,5200,50
2036,0,210,45.34,20,4000,250
2037,0,210,13.23,45,1000,500
2038,0,210,20.53,10,8000,250
2039,0,210,41.01,15,6500,250
2040,0,210,36.43,5,1750,350
2041,0,210,87.84,45,250,250
2042,0,210,58.89,5,7000,350
2043,0,210,14.07,10,6200,50
2044,0,210,69.84,30,3150,450
2045,0,210,35.48,45,2250,450
2046,0,210,91.16,5,9650,50
2047,0,210,92.62,25,4400,200
2048,0,210,99.47,10,5600,400
2049,0,210,26.11,45,700,100
2050,0,210,68.35,40,4800,200
2051,0,210,26.05,40,8100,300
2052,0,210,74.8,50,8000,200
2053,0,210,27.24,15,8900,50
2054,0,210,59.12,20,5200,50
2055,0,210,20.2,50,8400,400
2056,0,210,42.92,10,4200,300
2057,0,210,67.3,35,4650,150
2058,0,210,24.66,30,4200,50
2059,0,210,17.34,15,450,450
2060,0,210,50.61,5,6900,300
2061,0,210,28.27,40,5600,350
2062,0,210,13.56,15,8750,350
2063,0,210,31.93,30,6800,200
2064,0,210,23.78,45,6400,200
2065,0,210,73.29,50,350,350
2066,0,210,87.06,35,7200,100
2067,0,210,49.94,35,4500,150
2068,0,210,41.41,40,3300,150
2069,0,210,91.85,25,3000,500
2070,0,210,85.83,20,5300,100
2071,0,210,88.01,40,8200,200
2072,0,210,23.41,30,3750,250
2073,0,210,98.03,10,7500,250
2074,0,210,41.24,30,3500,500
2075,0,210,14.86,30,1750,250
2076,0,210,29.1,15,900,450
2077,0,210,77.14,30,2600,200
2078,0,210,73.36,15,3450,150
2079,0,210,91.33,50,5600,200
2080,0,210,90.86,45,7000,250
2081,0,210,59.35,35,6600,50
2082,0,210,96.02,25,2800,400
2083,0,210,19.77,25,4500,100
2084,0,210,54.46,5,7600,100
2085,0,210,37.64,5,2700,450
2086,0,210,47.59,15,8900,100
2087,0,210,97.64,5,3650,50
2088,0,210,84.98,30,5850,150
2089,0,210,82.81,40,950,50
2090,0,210,84.26,45,2800,400
2091,0,210,64.5,15,3150,350
2092,0,210,63.61,20,3500,500
2093,0,210,73.51,35,750,150
2094,0,210,98.63,20,350,350
2095,0,210,38.63,45,450,450
2096,0,210,78.53,20,3650,50
2097,0,210,62.72,45,9600,300
2098,0,210,89.16,10,5600,400
2099,0,210,87.76,15,1500,500
